listed_in,0
Action & Adventure,99
"Action & Adventure, Anime Features, Children & Family Movies",3
"Action & Adventure, Anime Features, Classic Movies",1
"Action & Adventure, Anime Features, Horror Movies",1
"Action & Adventure, Anime Features, International Movies",28
"Action & Adventure, Anime Features, Sci-Fi & Fantasy",5
"Action & Adventure, Children & Family Movies",2
"Action & Adventure, Children & Family Movies, Classic Movies",3
"Action & Adventure, Children & Family Movies, Comedies",4
"Action & Adventure, Children & Family Movies, Dramas",2
"Action & Adventure, Children & Family Movies, Independent Movies",1
"Action & Adventure, Children & Family Movies, Sci-Fi & Fantasy",6
"Action & Adventure, Classic Movies",2
"Action & Adventure, Classic Movies, Comedies",3
"Action & Adventure, Classic Movies, Cult Movies",3
"Action & Adventure, Classic Movies, Dramas",7
"Action & Adventure, Classic Movies, International Movies",1
"Action & Adventure, Classic Movies, Sci-Fi & Fantasy",1
"Action & Adventure, Comedies",39
"Action & Adventure, Comedies, Cult Movies",3
"Action & Adventure, Comedies, Dramas",24
"Action & Adventure, Comedies, Horror Movies",1
"Action & Adventure, Comedies, Independent Movies",7
"Action & Adventure, Comedies, International Movies",67
"Action & Adventure, Comedies, Music & Musicals",1
"Action & Adventure, Comedies, Romantic Movies",5
"Action & Adventure, Comedies, Sci-Fi & Fantasy",7
"Action & Adventure, Cult Movies",1
"Action & Adventure, Cult Movies, Dramas",1
"Action & Adventure, Cult Movies, International Movies",4
"Action & Adventure, Cult Movies, Sci-Fi & Fantasy",2
"Action & Adventure, Documentaries, International Movies",6
"Action & Adventure, Documentaries, Sports Movies",1
"Action & Adventure, Dramas",27
"Action & Adventure, Dramas, Faith & Spirituality",2
"Action & Adventure, Dramas, Independent Movies",11
"Action & Adventure, Dramas, International Movies",117
"Action & Adventure, Dramas, Romantic Movies",1
"Action & Adventure, Dramas, Sci-Fi & Fantasy",5
"Action & Adventure, Dramas, Sports Movies",1
"Action & Adventure, Faith & Spirituality, Sci-Fi & Fantasy",1
"Action & Adventure, Horror Movies",3
"Action & Adventure, Horror Movies, Independent Movies",1
"Action & Adventure, Horror Movies, International Movies",4
"Action & Adventure, Horror Movies, Sci-Fi & Fantasy",7
"Action & Adventure, Independent Movies",7
"Action & Adventure, Independent Movies, International Movies",3
"Action & Adventure, Independent Movies, Sci-Fi & Fantasy",5
"Action & Adventure, International Movies",88
"Action & Adventure, International Movies, Music & Musicals",10
"Action & Adventure, International Movies, Romantic Movies",6
"Action & Adventure, International Movies, Sci-Fi & Fantasy",16
"Action & Adventure, International Movies, Sports Movies",2
"Action & Adventure, International Movies, Thrillers",1
"Action & Adventure, Romantic Movies",3
"Action & Adventure, Romantic Movies, Sci-Fi & Fantasy",1
"Action & Adventure, Sci-Fi & Fantasy",52
"Action & Adventure, Sci-Fi & Fantasy, Sports Movies",1
"Action & Adventure, Sci-Fi & Fantasy, Thrillers",1
"Action & Adventure, Sports Movies",1
"Action & Adventure, Thrillers",3
Anime Features,2
"Anime Features, Children & Family Movies",7
"Anime Features, Children & Family Movies, International Movies",2
"Anime Features, International Movies",1
"Anime Features, International Movies, Romantic Movies",2
"Anime Features, International Movies, Sci-Fi & Fantasy",1
"Anime Features, Music & Musicals",1
"Anime Features, Music & Musicals, Sci-Fi & Fantasy",2
"Anime Features, Romantic Movies",1
Anime Series,8
"Anime Series, Crime TV Shows",3
"Anime Series, Crime TV Shows, International TV Shows",9
"Anime Series, Crime TV Shows, TV Thrillers",1
"Anime Series, International TV Shows",75
"Anime Series, International TV Shows, Romantic TV Shows",7
"Anime Series, International TV Shows, Spanish-Language TV Shows",1
"Anime Series, International TV Shows, TV Horror",3
"Anime Series, International TV Shows, TV Thrillers",3
"Anime Series, International TV Shows, Teen TV Shows",8
"Anime Series, Kids' TV",20
"Anime Series, Kids' TV, TV Action & Adventure",1
"Anime Series, Romantic TV Shows",2
"Anime Series, Romantic TV Shows, Teen TV Shows",3
"Anime Series, TV Horror, TV Thrillers",1
"Anime Series, Teen TV Shows",3
"British TV Shows, Classic & Cult TV, International TV Shows",2
"British TV Shows, Classic & Cult TV, Kids' TV",1
"British TV Shows, Classic & Cult TV, TV Comedies",3
"British TV Shows, Crime TV Shows, Docuseries",18
"British TV Shows, Crime TV Shows, International TV Shows",20
"British TV Shows, Crime TV Shows, TV Dramas",4
"British TV Shows, Docuseries",12
"British TV Shows, Docuseries, International TV Shows",29
"British TV Shows, Docuseries, Reality TV",1
"British TV Shows, Docuseries, Science & Nature TV",25
"British TV Shows, Docuseries, TV Comedies",1
"British TV Shows, International TV Shows, Reality TV",25
"British TV Shows, International TV Shows, Romantic TV Shows",6
"British TV Shows, International TV Shows, Stand-Up Comedy & Talk Shows",1
"British TV Shows, International TV Shows, TV Action & Adventure",4
"British TV Shows, International TV Shows, TV Comedies",15
"British TV Shows, International TV Shows, TV Dramas",10
"British TV Shows, Kids' TV",17
"British TV Shows, Kids' TV, TV Comedies",7
"British TV Shows, Kids' TV, TV Dramas",1
"British TV Shows, Kids' TV, TV Thrillers",1
"British TV Shows, Reality TV",9
"British TV Shows, Reality TV, Romantic TV Shows",2
"British TV Shows, Romantic TV Shows, TV Dramas",2
"British TV Shows, TV Comedies",13
"British TV Shows, TV Comedies, TV Dramas",1
"British TV Shows, TV Dramas, TV Sci-Fi & Fantasy",1
"British TV Shows, TV Horror, TV Thrillers",1
Children & Family Movies,177
"Children & Family Movies, Classic Movies",1
"Children & Family Movies, Classic Movies, Comedies",3
"Children & Family Movies, Classic Movies, Dramas",1
"Children & Family Movies, Comedies",169
"Children & Family Movies, Comedies, Cult Movies",1
"Children & Family Movies, Comedies, Dramas",11
"Children & Family Movies, Comedies, Faith & Spirituality",1
"Children & Family Movies, Comedies, International Movies",5
"Children & Family Movies, Comedies, LGBTQ Movies",1
"Children & Family Movies, Comedies, Music & Musicals",11
"Children & Family Movies, Comedies, Romantic Movies",8
"Children & Family Movies, Comedies, Sci-Fi & Fantasy",8
"Children & Family Movies, Comedies, Sports Movies",3
"Children & Family Movies, Documentaries",7
"Children & Family Movies, Documentaries, International Movies",4
"Children & Family Movies, Documentaries, Sports Movies",2
"Children & Family Movies, Dramas",25
"Children & Family Movies, Dramas, Faith & Spirituality",5
"Children & Family Movies, Dramas, Independent Movies",3
"Children & Family Movies, Dramas, International Movies",8
"Children & Family Movies, Dramas, Music & Musicals",1
"Children & Family Movies, Dramas, Romantic Movies",10
"Children & Family Movies, Dramas, Sports Movies",9
"Children & Family Movies, Faith & Spirituality",1
"Children & Family Movies, Independent Movies",2
"Children & Family Movies, Music & Musicals",15
"Children & Family Movies, Sci-Fi & Fantasy",7
"Children & Family Movies, Sports Movies",3
"Classic & Cult TV, Crime TV Shows, International TV Shows",2
"Classic & Cult TV, Crime TV Shows, TV Dramas",1
"Classic & Cult TV, Kids' TV, Spanish-Language TV Shows",1
"Classic & Cult TV, Kids' TV, TV Action & Adventure",1
"Classic & Cult TV, Kids' TV, TV Comedies",1
"Classic & Cult TV, TV Action & Adventure, TV Dramas",2
"Classic & Cult TV, TV Action & Adventure, TV Horror",2
"Classic & Cult TV, TV Action & Adventure, TV Sci-Fi & Fantasy",3
"Classic & Cult TV, TV Comedies",5
"Classic & Cult TV, TV Dramas, TV Sci-Fi & Fantasy",1
"Classic & Cult TV, TV Horror, TV Mysteries",1
"Classic & Cult TV, TV Sci-Fi & Fantasy",1
"Classic Movies, Comedies, Cult Movies",3
"Classic Movies, Comedies, Dramas",3
"Classic Movies, Comedies, Independent Movies",2
"Classic Movies, Comedies, International Movies",3
"Classic Movies, Comedies, Music & Musicals",2
"Classic Movies, Comedies, Romantic Movies",1
"Classic Movies, Comedies, Sports Movies",1
"Classic Movies, Cult Movies, Documentaries",1
"Classic Movies, Cult Movies, Dramas",2
"Classic Movies, Cult Movies, Horror Movies",2
"Classic Movies, Documentaries",11
"Classic Movies, Dramas",10
"Classic Movies, Dramas, Independent Movies",6
"Classic Movies, Dramas, International Movies",18
"Classic Movies, Dramas, LGBTQ Movies",1
"Classic Movies, Dramas, Music & Musicals",2
"Classic Movies, Dramas, Romantic Movies",3
"Classic Movies, Dramas, Sports Movies",2
"Classic Movies, Dramas, Thrillers",1
"Classic Movies, Horror Movies, Thrillers",1
"Classic Movies, Independent Movies, Thrillers",1
"Classic Movies, Thrillers",1
Comedies,97
"Comedies, Cult Movies",10
"Comedies, Cult Movies, Dramas",6
"Comedies, Cult Movies, Horror Movies",3
"Comedies, Cult Movies, Independent Movies",1
"Comedies, Cult Movies, International Movies",2
"Comedies, Cult Movies, LGBTQ Movies",1
"Comedies, Cult Movies, Sports Movies",1
"Comedies, Documentaries",2
"Comedies, Dramas",25
"Comedies, Dramas, Faith & Spirituality",2
"Comedies, Dramas, Independent Movies",101
"Comedies, Dramas, International Movies",243
"Comedies, Dramas, LGBTQ Movies",4
"Comedies, Dramas, Music & Musicals",2
"Comedies, Dramas, Romantic Movies",14
"Comedies, Dramas, Sports Movies",1
"Comedies, Faith & Spirituality, International Movies",3
"Comedies, Faith & Spirituality, Romantic Movies",2
"Comedies, Horror Movies",11
"Comedies, Horror Movies, Independent Movies",5
"Comedies, Horror Movies, International Movies",14
"Comedies, Horror Movies, Sci-Fi & Fantasy",4
"Comedies, Independent Movies",23
"Comedies, Independent Movies, International Movies",17
"Comedies, Independent Movies, LGBTQ Movies",4
"Comedies, Independent Movies, Music & Musicals",1
"Comedies, Independent Movies, Romantic Movies",9
"Comedies, Independent Movies, Thrillers",2
"Comedies, International Movies",161
"Comedies, International Movies, LGBTQ Movies",7
"Comedies, International Movies, Music & Musicals",53
"Comedies, International Movies, Romantic Movies",139
"Comedies, International Movies, Sci-Fi & Fantasy",6
"Comedies, International Movies, Sports Movies",6
"Comedies, International Movies, Thrillers",6
"Comedies, LGBTQ Movies",2
"Comedies, LGBTQ Movies, Music & Musicals",1
"Comedies, Music & Musicals",4
"Comedies, Music & Musicals, Romantic Movies",2
"Comedies, Music & Musicals, Sports Movies",1
"Comedies, Romantic Movies",64
"Comedies, Romantic Movies, Sports Movies",1
"Comedies, Sci-Fi & Fantasy",3
"Comedies, Sports Movies",8
"Crime TV Shows, Docuseries",45
"Crime TV Shows, Docuseries, International TV Shows",23
"Crime TV Shows, Docuseries, Science & Nature TV",2
"Crime TV Shows, Docuseries, TV Mysteries",3
"Crime TV Shows, International TV Shows, Korean TV Shows",20
"Crime TV Shows, International TV Shows, Reality TV",1
"Crime TV Shows, International TV Shows, Romantic TV Shows",6
"Crime TV Shows, International TV Shows, Spanish-Language TV Shows",56
"Crime TV Shows, International TV Shows, TV Action & Adventure",15
"Crime TV Shows, International TV Shows, TV Comedies",9
"Crime TV Shows, International TV Shows, TV Dramas",106
"Crime TV Shows, International TV Shows, TV Mysteries",1
"Crime TV Shows, International TV Shows, TV Sci-Fi & Fantasy",1
"Crime TV Shows, Kids' TV",1
"Crime TV Shows, Kids' TV, TV Comedies",2
"Crime TV Shows, Romantic TV Shows, Spanish-Language TV Shows",1
"Crime TV Shows, Romantic TV Shows, TV Dramas",2
"Crime TV Shows, Spanish-Language TV Shows, TV Action & Adventure",1
"Crime TV Shows, Spanish-Language TV Shows, TV Dramas",2
"Crime TV Shows, TV Action & Adventure",3
"Crime TV Shows, TV Action & Adventure, TV Comedies",3
"Crime TV Shows, TV Action & Adventure, TV Dramas",11
"Crime TV Shows, TV Action & Adventure, TV Sci-Fi & Fantasy",1
"Crime TV Shows, TV Action & Adventure, TV Thrillers",2
"Crime TV Shows, TV Comedies",1
"Crime TV Shows, TV Comedies, TV Dramas",9
"Crime TV Shows, TV Comedies, Teen TV Shows",1
"Crime TV Shows, TV Dramas",15
"Crime TV Shows, TV Dramas, TV Horror",1
"Crime TV Shows, TV Dramas, TV Mysteries",17
"Crime TV Shows, TV Dramas, TV Thrillers",7
"Crime TV Shows, TV Horror, TV Mysteries",1
"Cult Movies, Documentaries, LGBTQ Movies",1
"Cult Movies, Dramas, International Movies",1
"Cult Movies, Dramas, Thrillers",2
"Cult Movies, Horror Movies",4
"Cult Movies, Horror Movies, Independent Movies",2
"Cult Movies, Horror Movies, Thrillers",1
"Cult Movies, Independent Movies, Thrillers",1
Documentaries,334
"Documentaries, Dramas, International Movies",2
"Documentaries, Faith & Spirituality",7
"Documentaries, Faith & Spirituality, International Movies",3
"Documentaries, Faith & Spirituality, Music & Musicals",1
"Documentaries, Horror Movies",2
"Documentaries, International Movies",172
"Documentaries, International Movies, LGBTQ Movies",6
"Documentaries, International Movies, Music & Musicals",32
"Documentaries, International Movies, Sports Movies",38
"Documentaries, LGBTQ Movies",20
"Documentaries, LGBTQ Movies, Music & Musicals",2
"Documentaries, Music & Musicals",73
"Documentaries, Sports Movies",57
"Documentaries, Stand-Up Comedy",2
Docuseries,74
"Docuseries, International TV Shows",27
"Docuseries, International TV Shows, Reality TV",5
"Docuseries, International TV Shows, Science & Nature TV",13
"Docuseries, International TV Shows, Spanish-Language TV Shows",6
"Docuseries, Kids' TV, Science & Nature TV",1
"Docuseries, Reality TV",14
"Docuseries, Reality TV, Science & Nature TV",4
"Docuseries, Reality TV, Teen TV Shows",1
"Docuseries, Science & Nature TV",34
"Docuseries, Science & Nature TV, TV Action & Adventure",1
"Docuseries, Science & Nature TV, TV Comedies",1
"Docuseries, Science & Nature TV, TV Dramas",1
"Docuseries, Spanish-Language TV Shows",3
"Docuseries, Stand-Up Comedy & Talk Shows",3
"Docuseries, TV Comedies",3
"Docuseries, TV Dramas",2
"Docuseries, TV Sci-Fi & Fantasy",1
Dramas,117
"Dramas, Faith & Spirituality",17
"Dramas, Faith & Spirituality, Independent Movies",1
"Dramas, Faith & Spirituality, International Movies",9
"Dramas, Faith & Spirituality, Romantic Movies",1
"Dramas, Faith & Spirituality, Sports Movies",1
"Dramas, Horror Movies, Music & Musicals",1
"Dramas, Horror Movies, Sci-Fi & Fantasy",1
"Dramas, Independent Movies",94
"Dramas, Independent Movies, International Movies",215
"Dramas, Independent Movies, LGBTQ Movies",15
"Dramas, Independent Movies, Music & Musicals",7
"Dramas, Independent Movies, Romantic Movies",20
"Dramas, Independent Movies, Sci-Fi & Fantasy",6
"Dramas, Independent Movies, Sports Movies",8
"Dramas, Independent Movies, Thrillers",27
"Dramas, International Movies",320
"Dramas, International Movies, LGBTQ Movies",11
"Dramas, International Movies, Music & Musicals",52
"Dramas, International Movies, Romantic Movies",153
"Dramas, International Movies, Sci-Fi & Fantasy",12
"Dramas, International Movies, Sports Movies",25
"Dramas, International Movies, Thrillers",109
"Dramas, LGBTQ Movies",7
"Dramas, LGBTQ Movies, Romantic Movies",2
"Dramas, Music & Musicals",5
"Dramas, Music & Musicals, Romantic Movies",3
"Dramas, Music & Musicals, Sci-Fi & Fantasy",1
"Dramas, Music & Musicals, Sports Movies",1
"Dramas, Romantic Movies",38
"Dramas, Romantic Movies, Sci-Fi & Fantasy",4
"Dramas, Romantic Movies, Sports Movies",3
"Dramas, Romantic Movies, Thrillers",1
"Dramas, Sci-Fi & Fantasy",6
"Dramas, Sci-Fi & Fantasy, Thrillers",5
"Dramas, Sports Movies",17
"Dramas, Thrillers",69
Horror Movies,43
"Horror Movies, Independent Movies",17
"Horror Movies, Independent Movies, International Movies",9
"Horror Movies, Independent Movies, Sci-Fi & Fantasy",3
"Horror Movies, Independent Movies, Thrillers",16
"Horror Movies, International Movies",56
"Horror Movies, International Movies, Romantic Movies",2
"Horror Movies, International Movies, Sci-Fi & Fantasy",1
"Horror Movies, International Movies, Thrillers",36
"Horror Movies, LGBTQ Movies, Music & Musicals",1
"Horror Movies, Sci-Fi & Fantasy",4
"Horror Movies, Sci-Fi & Fantasy, Thrillers",6
"Horror Movies, Thrillers",50
Independent Movies,1
"Independent Movies, International Movies, Thrillers",5
"Independent Movies, Sci-Fi & Fantasy, Thrillers",3
"Independent Movies, Thrillers",11
International Movies,3
"International Movies, LGBTQ Movies, Romantic Movies",3
"International Movies, Music & Musicals",7
"International Movies, Music & Musicals, Romantic Movies",6
"International Movies, Music & Musicals, Thrillers",3
"International Movies, Romantic Movies",17
"International Movies, Romantic Movies, Sci-Fi & Fantasy",1
"International Movies, Romantic Movies, Thrillers",1
"International Movies, Sci-Fi & Fantasy",4
"International Movies, Sci-Fi & Fantasy, Thrillers",9
"International Movies, Sports Movies",1
"International Movies, Thrillers",59
International TV Shows,2
"International TV Shows, Korean TV Shows, Reality TV",6
"International TV Shows, Korean TV Shows, Romantic TV Shows",65
"International TV Shows, Korean TV Shows, Stand-Up Comedy & Talk Shows",3
"International TV Shows, Korean TV Shows, TV Action & Adventure",5
"International TV Shows, Korean TV Shows, TV Comedies",9
"International TV Shows, Korean TV Shows, TV Dramas",18
"International TV Shows, Korean TV Shows, TV Horror",1
"International TV Shows, Reality TV",33
"International TV Shows, Reality TV, Romantic TV Shows",6
"International TV Shows, Reality TV, Spanish-Language TV Shows",8
"International TV Shows, Reality TV, TV Action & Adventure",1
"International TV Shows, Reality TV, TV Comedies",2
"International TV Shows, Romantic TV Shows",3
"International TV Shows, Romantic TV Shows, Spanish-Language TV Shows",19
"International TV Shows, Romantic TV Shows, TV Action & Adventure",3
"International TV Shows, Romantic TV Shows, TV Comedies",79
"International TV Shows, Romantic TV Shows, TV Dramas",86
"International TV Shows, Romantic TV Shows, TV Mysteries",1
"International TV Shows, Romantic TV Shows, Teen TV Shows",4
"International TV Shows, Spanish-Language TV Shows, Stand-Up Comedy & Talk Shows",1
"International TV Shows, Spanish-Language TV Shows, TV Action & Adventure",3
"International TV Shows, Spanish-Language TV Shows, TV Comedies",14
"International TV Shows, Spanish-Language TV Shows, TV Dramas",21
"International TV Shows, Spanish-Language TV Shows, TV Horror",1
"International TV Shows, Stand-Up Comedy & Talk Shows",4
"International TV Shows, Stand-Up Comedy & Talk Shows, TV Comedies",7
"International TV Shows, TV Action & Adventure, TV Comedies",5
"International TV Shows, TV Action & Adventure, TV Dramas",17
"International TV Shows, TV Action & Adventure, TV Horror",1
"International TV Shows, TV Action & Adventure, TV Mysteries",2
"International TV Shows, TV Action & Adventure, TV Sci-Fi & Fantasy",4
"International TV Shows, TV Comedies",28
"International TV Shows, TV Comedies, TV Dramas",33
"International TV Shows, TV Comedies, TV Sci-Fi & Fantasy",3
"International TV Shows, TV Dramas",111
"International TV Shows, TV Dramas, TV Horror",15
"International TV Shows, TV Dramas, TV Mysteries",23
"International TV Shows, TV Dramas, TV Sci-Fi & Fantasy",8
"International TV Shows, TV Dramas, TV Thrillers",9
"International TV Shows, TV Dramas, Teen TV Shows",12
"International TV Shows, TV Horror, TV Mysteries",9
"International TV Shows, TV Horror, TV Thrillers",3
"International TV Shows, TV Mysteries, TV Thrillers",2
Kids' TV,205
"Kids' TV, Korean TV Shows",19
"Kids' TV, Korean TV Shows, TV Comedies",4
"Kids' TV, Reality TV, Science & Nature TV",1
"Kids' TV, Reality TV, TV Dramas",1
"Kids' TV, Spanish-Language TV Shows",3
"Kids' TV, Spanish-Language TV Shows, Teen TV Shows",1
"Kids' TV, TV Action & Adventure",2
"Kids' TV, TV Action & Adventure, TV Comedies",7
"Kids' TV, TV Action & Adventure, TV Dramas",1
"Kids' TV, TV Action & Adventure, TV Sci-Fi & Fantasy",10
"Kids' TV, TV Comedies",90
"Kids' TV, TV Comedies, TV Dramas",4
"Kids' TV, TV Comedies, TV Sci-Fi & Fantasy",1
"Kids' TV, TV Comedies, Teen TV Shows",1
"Kids' TV, TV Dramas",3
"Kids' TV, TV Dramas, Teen TV Shows",1
"Kids' TV, TV Thrillers",5
"LGBTQ Movies, Thrillers",1
Movies,56
Music & Musicals,10
"Music & Musicals, Romantic Movies",1
"Music & Musicals, Stand-Up Comedy",6
Reality TV,83
"Reality TV, Romantic TV Shows",8
"Reality TV, Science & Nature TV",1
"Reality TV, Science & Nature TV, TV Action & Adventure",1
"Reality TV, Spanish-Language TV Shows",1
"Reality TV, TV Comedies",3
"Reality TV, TV Comedies, TV Horror",2
"Reality TV, TV Horror, TV Thrillers",1
"Reality TV, Teen TV Shows",2
Romantic Movies,3
"Romantic TV Shows, Spanish-Language TV Shows, TV Comedies",1
"Romantic TV Shows, Spanish-Language TV Shows, TV Dramas",1
"Romantic TV Shows, TV Action & Adventure, TV Dramas",1
"Romantic TV Shows, TV Comedies",4
"Romantic TV Shows, TV Comedies, TV Dramas",11
"Romantic TV Shows, TV Dramas",7
"Romantic TV Shows, TV Dramas, TV Sci-Fi & Fantasy",2
"Romantic TV Shows, TV Dramas, Teen TV Shows",1
Sci-Fi & Fantasy,1
"Sci-Fi & Fantasy, Thrillers",10
"Spanish-Language TV Shows, TV Dramas",2
Sports Movies,1
Stand-Up Comedy,321
Stand-Up Comedy & Talk Shows,6
"Stand-Up Comedy & Talk Shows, TV Comedies",26
"Stand-Up Comedy & Talk Shows, TV Mysteries, TV Sci-Fi & Fantasy",1
TV Action & Adventure,1
"TV Action & Adventure, TV Comedies",1
"TV Action & Adventure, TV Comedies, TV Horror",3
"TV Action & Adventure, TV Comedies, TV Sci-Fi & Fantasy",2
"TV Action & Adventure, TV Dramas",5
"TV Action & Adventure, TV Dramas, TV Horror",3
"TV Action & Adventure, TV Dramas, TV Mysteries",3
"TV Action & Adventure, TV Dramas, TV Sci-Fi & Fantasy",8
"TV Action & Adventure, TV Dramas, Teen TV Shows",1
"TV Action & Adventure, TV Horror, TV Sci-Fi & Fantasy",1
"TV Action & Adventure, TV Mysteries, TV Sci-Fi & Fantasy",2
"TV Action & Adventure, TV Sci-Fi & Fantasy",7
TV Comedies,62
"TV Comedies, TV Dramas",28
"TV Comedies, TV Dramas, TV Horror",1
"TV Comedies, TV Dramas, TV Mysteries",1
"TV Comedies, TV Dramas, TV Sci-Fi & Fantasy",1
"TV Comedies, TV Dramas, Teen TV Shows",7
"TV Comedies, TV Horror, TV Thrillers",1
"TV Comedies, TV Mysteries",1
"TV Comedies, TV Sci-Fi & Fantasy",2
"TV Comedies, TV Sci-Fi & Fantasy, Teen TV Shows",1
"TV Comedies, Teen TV Shows",5
TV Dramas,34
"TV Dramas, TV Horror, TV Mysteries",7
"TV Dramas, TV Mysteries, TV Sci-Fi & Fantasy",4
"TV Dramas, TV Mysteries, TV Thrillers",2
"TV Dramas, TV Sci-Fi & Fantasy",3
"TV Dramas, TV Sci-Fi & Fantasy, TV Thrillers",1
"TV Dramas, TV Sci-Fi & Fantasy, Teen TV Shows",1
"TV Dramas, TV Thrillers",5
"TV Dramas, Teen TV Shows",5
"TV Horror, TV Mysteries, TV Sci-Fi & Fantasy",4
"TV Horror, TV Mysteries, TV Thrillers",4
"TV Horror, TV Mysteries, Teen TV Shows",1
"TV Horror, Teen TV Shows",1
"TV Sci-Fi & Fantasy, TV Thrillers",1
TV Shows,12
Thrillers,49
