Categoria,Duracao
"Documentaries, International Movies",76
Stand-Up Comedy,63
"Comedies, International Movies, LGBTQ Movies",87
"Comedies, Dramas, International Movies",90
"Comedies, International Movies, LGBTQ Movies",116
"Comedies, Dramas, International Movies",95
Children & Family Movies,80
"Comedies, Dramas, Independent Movies",103
"Dramas, International Movies",105
"Documentaries, International Movies",69
"Comedies, Dramas, International Movies",88
"Children & Family Movies, Comedies",95
"Children & Family Movies, Comedies, Dramas",105
Stand-Up Comedy,80
"Documentaries, International Movies, Music & Musicals",90
Stand-Up Comedy,91
Children & Family Movies,78
"Documentaries, International Movies, Sports Movies",74
"Dramas, International Movies",97
"Comedies, International Movies",101
"Dramas, Faith & Spirituality, International Movies",110
"Documentaries, International Movies, LGBTQ Movies",101
Stand-Up Comedy,59
"Comedies, International Movies, Romantic Movies",92
"Children & Family Movies, Comedies, Music & Musicals",81
"Children & Family Movies, Comedies, Music & Musicals",87
"Children & Family Movies, Comedies, Music & Musicals",71
Stand-Up Comedy,73
Stand-Up Comedy,63
"Dramas, Faith & Spirituality, International Movies",133
"Dramas, Faith & Spirituality, International Movies",97
"Dramas, International Movies",102
"Documentaries, International Movies",96
"Action & Adventure, International Movies",99
"Dramas, Independent Movies, International Movies",111
"Documentaries, International Movies, Sports Movies",71
Stand-Up Comedy,63
"Comedies, International Movies, Romantic Movies",105
"Action & Adventure, Dramas, International Movies",123
"Documentaries, International Movies",92
"Documentaries, International Movies",122
"Comedies, International Movies",46
"Action & Adventure, International Movies",100
"Comedies, International Movies",44
Stand-Up Comedy,82
Stand-Up Comedy,69
